{"cameraMode":{"drawMode":0,"name":"Shaded","section":"Shading Mode"},"sceneLighting":false,"audioPlay":false,"sceneViewState":{"m_AlwaysRefresh":false,"showFog":true,"showSkybox":true,"showFlares":true,"showImageEffects":true,"showParticleSystems":true,"showVisualEffectGraphs":true,"m_FxEnabled":true},"in2DMode":false,"pivot":{"x":15.166152000427246,"y":1.6441712379455567,"z":-15.439870834350586},"rotation":{"x":0.07543972879648209,"y":-0.9274227619171143,"z":0.25187358260154726,"w":0.26926618814468386},"size":9.049745559692383,"orthographic":false}