{"cameraMode":{"drawMode":0,"name":"Shaded","section":"Shading Mode"},"sceneLighting":true,"audioPlay":false,"sceneViewState":{"m_AlwaysRefresh":false,"showFog":true,"showSkybox":true,"showFlares":true,"showImageEffects":true,"showParticleSystems":true,"showVisualEffectGraphs":true,"m_FxEnabled":true},"in2DMode":false,"pivot":{"x":-0.2602267265319824,"y":1.5257585048675538,"z":-0.4038059711456299},"rotation":{"x":-0.05785554647445679,"y":0.9298627376556397,"z":-0.16662347316741944,"w":-0.32287007570266726},"size":13.354876518249512,"orthographic":false}