{"cameraMode":{"drawMode":0,"name":"Shaded","section":"Shading Mode"},"sceneLighting":false,"audioPlay":false,"sceneViewState":{"m_AlwaysRefresh":false,"showFog":true,"showSkybox":true,"showFlares":true,"showImageEffects":true,"showParticleSystems":true,"showVisualEffectGraphs":true,"m_FxEnabled":true},"in2DMode":false,"pivot":{"x":17.41006088256836,"y":12.966547012329102,"z":3.6009016036987306},"rotation":{"x":-0.22194905579090119,"y":0.7668673396110535,"z":-0.32961422204971316,"w":-0.5055125951766968},"size":10.534452438354493,"orthographic":false}